Phase,Task,Duration_Days,Resources_Required,Key_Deliverables,Success_Criteria,Start_Day,End_Day,Start_Week,End_Week
Phase 1: Foundation & Planning,Requirements Analysis & Documentation,5,"Project Manager, Business Analyst","Requirements Document, Data Flow Diagrams","Approved requirements, Clear scope definition",1,5,1,1
Phase 1: Foundation & Planning,Data Source Inventory & Mapping,3,"Data Analyst, Business Analyst","Data Source Catalog, Field Mapping","Complete data inventory, Mapped relationships",6,8,1,2
Phase 1: Foundation & Planning,Technical Architecture Design,4,"Database Architect, Technical Lead","Technical Architecture, Database Design","Scalable architecture, Technical approval",9,12,2,2
Phase 1: Foundation & Planning,Project Setup & Environment,2,"DevOps Engineer, Developer","Development Environment, Git Repository",Working development environment,13,14,2,2
Phase 2: Database Design & Setup,Database Schema Implementation,7,"Database Developer, DBA","Physical Database Schema, Tables Created","Normalized schema, Performance optimized",15,21,3,3
Phase 2: Database Design & Setup,Reference Data Structure Creation,5,"Database Developer, Data Analyst","Reference Data Loaded, Relationships Defined","Clean reference data, Validated relationships",22,26,4,4
Phase 2: Database Design & Setup,Index & Constraint Definition,3,"Database Developer, Performance Analyst","Optimized Indexes, Data Constraints","Query optimization, Data integrity",27,29,4,5
Phase 2: Database Design & Setup,Security & Backup Configuration,2,"DBA, Security Engineer","Backup Strategy, Security Policies","Secure system, Reliable backups",30,31,5,5
Phase 3: ETL Development,Email Scraper Development,10,"Python Developer, Email Systems Expert","Automated Email Processing, File Detection","Reliable file processing, Error handling",32,41,5,6
Phase 3: ETL Development,Data Parser & Validator Creation,8,"Python Developer, Data Engineer","Data Parsing Engine, Validation Rules","Accurate data parsing, Quality validation",42,49,6,7
Phase 3: ETL Development,Transformation Logic Implementation,12,"Python Developer, Business Analyst","Business Logic, Calculation Engine","Correct calculations, Business rules",50,61,8,9
Phase 3: ETL Development,Error Handling & Logging,5,"Python Developer, QA Engineer","Error Recovery, Audit Logging","Robust error recovery, Full audit trail",62,66,9,10
Phase 4: Data Integration & Testing,End-to-End Pipeline Testing,8,"QA Engineer, Data Engineer","Tested ETL Pipeline, Integration Tests","End-to-end functionality, Quality assurance",67,74,10,11
Phase 4: Data Integration & Testing,Data Quality Validation,6,"Data Analyst, QA Engineer","Data Quality Reports, Validation Results","Data accuracy validation, Quality metrics",75,80,11,12
Phase 4: Data Integration & Testing,Historical Data Migration,10,"Database Developer, Data Engineer","Historical Data Loaded, Migration Scripts","Complete historical data, Migration success",81,90,12,13
Phase 4: Data Integration & Testing,Performance Optimization,5,"Performance Engineer, DBA",Performance Tuned Pipeline,Performance benchmarks met,91,95,13,14
Phase 5: Analytics & Reporting,COS Calculation Views,8,"Business Analyst, SQL Developer","COS Analysis Views, Calculation Logic","Accurate COS calculations, Business validation",96,103,14,15
Phase 5: Analytics & Reporting,Business Intelligence Reports,6,"BI Developer, Report Designer","Standard Reports, Executive Dashboard","Actionable insights, User acceptance",104,109,15,16
Phase 5: Analytics & Reporting,Anomaly Detection Rules,4,"Data Scientist, Business Analyst","Exception Reports, Alert Rules","Proactive issue detection, Alert reliability",110,113,16,17
Phase 5: Analytics & Reporting,Dashboard Development,7,"Frontend Developer, UX Designer","Interactive Dashboards, Self-Service Tools","User-friendly interface, Self-service capability",114,120,17,18
Phase 6: Deployment & Optimization,Production Deployment,3,"DevOps Engineer, System Administrator","Production System, Deployment Scripts","Stable production system, Performance monitoring",121,123,18,18
Phase 6: Deployment & Optimization,Monitoring & Alerting Setup,4,"DevOps Engineer, Monitoring Specialist","Monitoring Dashboard, Alert System","Proactive monitoring, Issue prevention",124,127,18,19
Phase 6: Deployment & Optimization,User Training & Documentation,5,"Trainer, Technical Writer","User Manuals, Training Materials","Trained users, Complete documentation",128,132,19,19
Phase 6: Deployment & Optimization,Go-Live Support,3,"Support Team, Project Manager",Stable Production System,Business value realization,133,135,19,20
